FECHA;CONCEPTO;TIPO;MONTO
2026-04-01;Ingresos por Mercado Pago;INGRESO;0.0
2026-04-01;Rendimientos;INGRESO;84.91425
2026-04-01;Ingresos EFECTIVO;INGRESO;0.0
2026-04-01;Ingresos SANTANDER;INGRESO;0.0
2026-04-01;Ingresos E-CHEQ;INGRESO;810.33095
2026-04-01;Alquiler Local;GASTO;0.0
2026-04-01;Luz;GASTO;322.96
2026-04-01;Gas;GASTO;44.75
;Internet;GASTO;0.0
2026-04-01;Movistar;GASTO;32.0
2026-04-01;Servicio Limpieza;GASTO;540.0
2026-04-01;Flores;GASTO;90.0
2026-04-01;Autónomos;GASTO;66.38976
2026-04-01;Ingresos Brutos;GASTO;0.0
2026-06-01;IVA;GASTO;0.0
;Impuesto a las Ganancias;GASTO;0.0
2026-04-01;Sueldos blanco;GASTO;0.0
2026-04-01;Sueldos negro;GASTO;0.0
2026-04-01;Cargas sociales;GASTO;0.0
2026-04-01;Sindicato;GASTO;0.0
;Aguinaldos;GASTO;0.0
2026-04-01;Profesionales;GASTO;0.0
2026-04-01;Viandas Profesionales;GASTO;239.2
2026-04-01;Gastos Limpieza;GASTO;344.5
2026-04-01;Seguros Signos;GASTO;84.718
;Insumos diarios;GASTO;0.0
2026-04-01;Laboratorio;GASTO;0.0
2026-04-01;Cardiología;GASTO;988.0
2026-04-01;Neurología;GASTO;500.0
2026-04-01;Psicopedagóga;GASTO;200.0
;Fonoaudióloga;GASTO;0.0
2026-04-01;Neumonólogo;GASTO;36.0
2026-04-01;RX;GASTO;120.0
2026-04-01;Ergometria;GASTO;100.0
2026-04-01;Boletas REPAT;GASTO;0.0
2026-04-01;Boletas RNR;GASTO;146.4
2026-04-01;FALTANTE;AJUSTE;46.0
2026-04-01;SOBRANTE;AJUSTE;8.0
2026-04-01;Comisiones Mercado PAGO;GASTO;982.85038
2026-05-01;Ingresos por Mercado Pago;INGRESO;0.0
2026-05-01;Rendimientos;INGRESO;144.5361
2026-05-01;Ingresos EFECTIVO;INGRESO;0.0
2026-05-01;Ingresos SANTANDER;INGRESO;641.279
2026-05-01;Ingresos E-CHEQ;INGRESO;0.0
2026-05-01;Alquiler Local;GASTO;0.0
2026-05-01;Luz;GASTO;341.802
2026-05-01;Gas;GASTO;114.017
;Internet;GASTO;0.0
2026-05-01;Movistar;GASTO;33.341
2026-05-01;Servicio Limpieza;GASTO;540.0
2026-05-01;Flores;GASTO;90.0
2026-05-01;Autónomos;GASTO;68.315
2026-05-01;Ingresos Brutos;GASTO;903.57878
;IVA;GASTO;0.0
;Impuesto a las Ganancias;GASTO;0.0
2026-05-01;Sueldos blanco;GASTO;0.0
2026-05-01;Sueldos negro;GASTO;0.0
2026-05-01;Cargas sociales;GASTO;0.0
2026-05-01;Sindicato;GASTO;53.77738
;Aguinaldos;GASTO;0.0
2026-05-01;Profesionales;GASTO;0.0
2026-05-01;Viandas Profesionales;GASTO;114.4
2026-05-01;Gastos Limpieza;GASTO;0.0
2026-05-01;Seguros Signos;GASTO;84.718
2026-05-01;Inversion;GASTO;0.0
2026-05-01;Caja chica;GASTO;308.95
2026-05-01;Laboratorio;GASTO;800.0
2026-05-01;Cardiología;GASTO;442.0
2026-05-01;Neurología;GASTO;180.0
2026-05-01;Psicopedagóga;GASTO;75.0
;Fonoaudióloga;GASTO;0.0
2026-05-01;Neumonólogo;GASTO;0.0
2026-05-01;RX;GASTO;740.0
2026-05-01;Ergometria;GASTO;0.0
2026-05-01;Boletas REPAT;GASTO;0.0
2026-05-01;Boletas RNR;GASTO;228.0
;FALTANTE;AJUSTE;0.0
2026-05-01;SOBRANTE;AJUSTE;45000.0
2026-05-01;Comisiones Mercado PAGO;GASTO;925.5188
2026-06-01;Ingresos por Mercado Pago;INGRESO;0.0
2026-06-01;Rendimientos;INGRESO;111.79948
2026-06-01;Ingresos EFECTIVO;INGRESO;0.0
2026-06-01;Ingresos SANTANDER;INGRESO;0.0
2026-06-01;Ingresos E-CHEQ;INGRESO;0.0
2026-06-01;Alquiler Local;GASTO;0.0
2026-06-01;Luz;GASTO;360.961
2026-06-01;Gas;GASTO;114.017
2026-06-01;Internet;GASTO;0.0
2026-06-01;Movistar;GASTO;34.153
2026-06-01;Servicio Limpieza;GASTO;630.0
2026-06-01;Flores;GASTO;95.0
2026-06-01;Autónomos;GASTO;70.62412
2026-06-01;Ingresos Brutos;GASTO;700.56993
2026-06-01;IVA;GASTO;0.0
;Impuesto a las Ganancias;GASTO;0.0
2026-06-01;Sueldos blanco;GASTO;0.0
2026-06-01;Sueldos negro;GASTO;0.0
2026-06-01;Cargas sociales;GASTO;0.0
2026-06-01;Sindicato;GASTO;71.00076
2026-06-01;Aguinaldos;GASTO;0.0
2026-06-01;Profesionales;GASTO;0.0
;Comisiones Vendedor;GASTO;0.0
2026-06-01;Viandas Profesionales;GASTO;286.0
2026-06-01;Gastos Limpieza;GASTO;0.0
2026-06-01;Seguros Signos;GASTO;91.852
2026-06-01;Caja chica;GASTO;0.0
2026-06-01;Laboratorio;GASTO;0.0
2026-06-01;Cardiología;GASTO;299.0
2026-06-01;Neurología;GASTO;160.0
2026-06-01;Psicopedagóga;GASTO;30.0
2026-06-01;Fonoaudióloga;GASTO;265.0
2026-06-01;Neumonólogo;GASTO;0.0
2026-06-01;RX;GASTO;120.0
2026-06-01;Ergometria;GASTO;0.0
2026-06-01;Boletas REPAT;GASTO;0.0
2026-06-01;Boletas RNR;GASTO;90.1
2026-06-01;FALTANTE;AJUSTE;0.0
2026-06-01;SOBRANTE;AJUSTE;0.0
2026-06-01;Comisiones Mercado PAGO;GASTO;814.84502
2026-07-01;Ingresos por Mercado Pago;INGRESO;0.0
2026-07-01;Rendimientos;INGRESO;38.63963
2026-07-01;Ingresos EFECTIVO;INGRESO;0.0
2026-07-01;Ingresos SANTANDER;INGRESO;796.7102
2026-07-01;Ingresos E-CHEQ;INGRESO;0.0
2026-07-01;Alquiler Local;GASTO;0.0
2026-07-01;Luz;GASTO;385.72
2026-07-01;Gas;GASTO;267.86586
2026-07-01;Internet;GASTO;136.5
2026-07-01;Movistar;GASTO;82.68718
2026-07-01;Servicio Limpieza;GASTO;702.0
2026-07-01;Autónomos;GASTO;72.447
2026-07-01;Ingresos Brutos;GASTO;0.0
2026-07-01;IVA;GASTO;0.0
;Impuesto a las Ganancias;GASTO;0.0
2026-07-01;Sueldos blanco;GASTO;0.0
2026-07-01;Sueldos negro;GASTO;0.0
2026-07-01;Cargas sociales;GASTO;0.0
2026-07-01;Sindicato;GASTO;187.717
;Aguinaldos;GASTO;0.0
2026-07-01;Profesionales;GASTO;0.0
2026-07-01;Viandas Profesionales;GASTO;78.0
2026-07-01;Gastos Limpieza;GASTO;0.0
2026-07-01;Seguros Signos;GASTO;91.823
;Gastos TC;GASTO;0.0
2026-07-01;Gastos Varios;GASTO;0.0
2026-07-01;Gastos Libreria;GASTO;0.0
2026-07-01;Caja chica;GASTO;0.0
2026-07-01;Laboratorio;GASTO;0.0
2026-07-01;Cardiología;GASTO;598.0
2026-07-01;Neurología;GASTO;300.0
2026-07-01;Psicopedagóga;GASTO;0.0
2026-07-01;Fonoaudióloga;GASTO;130.0
2026-07-01;Neumonólogo;GASTO;0.0
2026-07-01;RX;GASTO;880.0
2026-07-01;Ergometria;GASTO;0.0
2026-07-01;Boletas REPAT;GASTO;0.0
2026-07-01;Boletas RNR;GASTO;66.004
2026-07-01;FALTANTE;AJUSTE;0.0
2026-07-01;SOBRANTE;AJUSTE;0.0
2026-07-01;Comisiones Mercado PAGO;GASTO;569.9396
2026-08-01;Ingresos por Mercado Pago;INGRESO;0.0
2026-08-01;Rendimientos;INGRESO;0.0
2026-08-01;Ingresos EFECTIVO;INGRESO;0.0
2026-08-01;Ingresos SANTANDER;INGRESO;0.0
2026-08-01;Ingresos E-CHEQ;INGRESO;0.0
2026-08-01;Alquiler Local;GASTO;0.0
2026-08-01;Luz;GASTO;0.0
2026-08-01;Gas;GASTO;0.0
2026-08-01;Internet;GASTO;248.2
2026-08-01;Movistar;GASTO;0.0
2026-08-01;Servicio Limpieza;GASTO;0.0
2026-08-01;Autónomos;GASTO;0.0
2026-08-01;Ingresos Brutos;GASTO;0.0
2026-08-01;IVA;GASTO;0.0
2026-08-01;Impuesto a las Ganancias;GASTO;0.0
2026-08-01;Sueldos blanco;GASTO;0.0
2026-08-01;Sueldos negro;GASTO;0.0
2026-08-01;Cargas sociales;GASTO;0.0
2026-08-01;Sindicato;GASTO;0.0
2026-08-01;Aguinaldos;GASTO;0.0
2026-08-01;Profesionales;GASTO;0.0
2026-08-01;Viandas Profesionales;GASTO;0.0
2026-08-01;Gastos Limpieza;GASTO;0.0
2026-08-01;Seguros Signos;GASTO;0.0
2026-08-01;Gastos TC;GASTO;0.0
2026-08-01;Gastos Varios;GASTO;0.0
2026-08-01;Gastos Libreria;GASTO;0.0
2026-08-01;Caja chica;GASTO;0.0
2026-08-01;Laboratorio;GASTO;0.0
2026-08-01;Cardiología;GASTO;0.0
2026-08-01;Neurología;GASTO;0.0
2026-08-01;Psicopedagóga;GASTO;0.0
2026-08-01;Fonoaudióloga;GASTO;0.0
2026-08-01;Neumonólogo;GASTO;0.0
2026-08-01;RX;GASTO;0.0
2026-08-01;Ergometria;GASTO;0.0
2026-08-01;Boletas REPAT;GASTO;0.0
2026-08-01;Boletas RNR;GASTO;0.0
2026-08-01;FALTANTE;AJUSTE;0.0
2026-08-01;SOBRANTE;AJUSTE;0.0
2026-08-01;Comisiones Mercado PAGO;GASTO;0.0
